window_id,device_id,asset_id,observed_at,provenance,operating_state,assessment,alarm_active,vector_rms_g,temperature_c,rpm,load_pct,quality_issues
window-060,SIM-NODE-01,DEMO-MOTOR-01,2026-10-03T09:01:00+07:00,simulated,startup,SUPPRESSED_STATE,False,0.38481249492447617,52.0,1500.0,45.0,
window-061,SIM-NODE-01,DEMO-MOTOR-01,2026-10-03T09:01:01+07:00,simulated,steady,NORMAL_WINDOW,False,0.06413541582074603,52.0,1500.0,45.0,
window-062,SIM-NODE-01,DEMO-MOTOR-01,2026-10-03T09:01:02+07:00,simulated,steady,NORMAL_WINDOW,False,0.06413541582074603,52.0,1500.0,45.0,
window-063,SIM-NODE-01,DEMO-MOTOR-01,2026-10-03T09:01:03+07:00,simulated,steady,NO_BASELINE,False,0.07696249898489523,52.0,2100,45.0,
window-064,SIM-NODE-01,DEMO-MOTOR-01,2026-10-03T09:01:04+07:00,simulated,steady,NORMAL_WINDOW,False,0.06413541582074603,52.0,1500.0,45.0,
window-065,SIM-NODE-01,DEMO-MOTOR-01,2026-10-03T09:01:05+07:00,simulated,actuating,NORMAL_WINDOW,False,0.09406527653709419,52.0,,45.0,
window-066,SIM-NODE-01,DEMO-MOTOR-01,2026-10-03T09:01:06+07:00,simulated,actuating,INSUFFICIENT_BASELINE,False,0.07696249898489523,52.0,,45.0,
window-067,SIM-NODE-01,DEMO-MOTOR-01,2026-10-03T09:01:07+07:00,simulated,steady,PENDING,False,0.23088749695468572,52.0,1500.0,45.0,
window-068,SIM-NODE-01,DEMO-MOTOR-01,2026-10-03T09:01:08+07:00,simulated,steady,PENDING,False,0.23943888573078517,52.0,1500.0,45.0,
window-069,SIM-NODE-01,DEMO-MOTOR-01,2026-10-03T09:01:09+07:00,simulated,steady,DATA_INVALID,False,0.24799027450688463,52.0,1500.0,45.0,Missing samples
window-070,SIM-NODE-01,DEMO-MOTOR-01,2026-10-03T09:01:10+07:00,simulated,steady,PENDING,False,0.23088749695468572,52.0,1500.0,45.0,
window-071,SIM-NODE-01,DEMO-MOTOR-01,2026-10-03T09:01:11+07:00,simulated,steady,PENDING,False,0.24799027450688463,52.0,1500.0,45.0,
window-072,SIM-NODE-01,DEMO-MOTOR-01,2026-10-03T09:01:12+07:00,simulated,steady,ALARM,True,0.26509305205908357,52.0,1500.0,45.0,
window-073,SIM-NODE-01,DEMO-MOTOR-01,2026-10-03T09:01:13+07:00,simulated,steady,ALARM,True,0.2565416632829841,52.0,1500.0,45.0,
window-074,SIM-NODE-01,DEMO-MOTOR-01,2026-10-03T09:01:14+07:00,simulated,steady,CLEAR_PENDING,True,0.06413541582074603,65,1500.0,45.0,
window-075,SIM-NODE-01,DEMO-MOTOR-01,2026-10-03T09:01:15+07:00,simulated,stopped,SUPPRESSED_STATE,True,0.001710277755219894,52.0,0,45.0,
window-076,SIM-NODE-01,DEMO-MOTOR-01,2026-10-03T09:01:16+07:00,simulated,steady,CLEAR_PENDING,True,0.06413541582074603,52.0,1500.0,45.0,
window-077,SIM-NODE-01,DEMO-MOTOR-01,2026-10-03T09:01:17+07:00,simulated,steady,NORMAL_WINDOW,False,0.06413541582074603,52.0,1500.0,45.0,
window-078,SIM-NODE-01,DEMO-MOTOR-01,2026-10-03T09:01:18+07:00,simulated,steady,PENDING,False,0.06413541582074603,84,1500.0,45.0,
window-079,SIM-NODE-01,DEMO-MOTOR-01,2026-10-03T09:01:19+07:00,simulated,steady,PENDING,False,0.06413541582074603,85,1500.0,45.0,
window-080,SIM-NODE-01,DEMO-MOTOR-01,2026-10-03T09:01:20+07:00,simulated,steady,ALARM,True,0.06413541582074603,86,1500.0,45.0,
window-081,SIM-NODE-01,DEMO-MOTOR-01,2026-10-03T09:01:21+07:00,simulated,steady,DATA_INVALID,True,0.06413541582074603,52.0,1500.0,45.0,Acquisition reports clipping
window-082,SIM-NODE-01,DEMO-MOTOR-01,2026-10-03T09:01:22+07:00,simulated,steady,CLEAR_PENDING,True,0.06413541582074603,74,1500.0,45.0,
window-083,SIM-NODE-01,DEMO-MOTOR-01,2026-10-03T09:01:23+07:00,simulated,steady,NORMAL_WINDOW,False,0.06413541582074603,73,1500.0,45.0,
window-084,SIM-NODE-01,DEMO-MOTOR-01,2026-10-03T09:01:24+07:00,simulated,steady,NO_BASELINE,False,0.06413541582074603,52.0,1500.0,45.0,
window-085,SIM-NODE-01,DEMO-MOTOR-01,2026-10-03T09:01:25+07:00,simulated,steady,MISSING_CONTEXT,False,0.06413541582074603,52.0,,45.0,
window-086,SIM-NODE-01,DEMO-MOTOR-01,2026-10-03T09:01:26+07:00,simulated,shutdown,SUPPRESSED_STATE,False,0.34205555104397883,52.0,1500.0,45.0,
window-087,SIM-NODE-01,DEMO-MOTOR-01,2026-10-03T09:01:27+07:00,simulated,steady,NORMAL_WINDOW,False,0.06413541582074603,52.0,1500.0,45.0,
